{"initial_reset_timestamp": 1657358234.699661, "timestamps": [1657358243.6225333], "episode_lengths": [1000], "episode_rewards": [4975.22788666057], "episode_types": ["t"]}